target,RF_MAE,RF_RMSE,XGB_MAE,XGB_RMSE
occupancy_rate,7.74404761904762,9.320317689892017,8.052850087483725,9.601234827883502
room_sold,124.31679894179895,144.21078615340264,121.86483256022136,142.29656686308968
